Idx,Parent Name,Node Name
0,ctx-rh-lateralorbitofrontal,rh.lateralorbitofrontal_11
1,ctx-rh-lateralorbitofrontal,rh.lateralorbitofrontal_5
2,ctx-rh-lateralorbitofrontal,rh.lateralorbitofrontal_6
3,ctx-rh-lateralorbitofrontal,rh.lateralorbitofrontal_6
4,ctx-rh-lateralorbitofrontal,rh.lateralorbitofrontal_6
5,ctx-rh-lateralorbitofrontal,rh.lateralorbitofrontal_6
6,ctx-rh-lateralorbitofrontal,rh.lateralorbitofrontal_6
7,ctx-rh-lateralorbitofrontal,rh.lateralorbitofrontal_6
8,ctx-rh-lateralorbitofrontal,rh.lateralorbitofrontal_6
9,ctx-rh-lateralorbitofrontal,rh.lateralorbitofrontal_4
10,ctx-rh-lateralorbitofrontal,rh.lateralorbitofrontal_17
11,ctx-rh-lateralorbitofrontal,rh.lateralorbitofrontal_8
12,ctx-rh-lateralorbitofrontal,rh.lateralorbitofrontal_13
13,ctx-rh-lateralorbitofrontal,rh.lateralorbitofrontal_13
14,ctx-rh-lateralorbitofrontal,rh.lateralorbitofrontal_12
15,ctx-rh-lateralorbitofrontal,rh.lateralorbitofrontal_12
16,ctx-rh-lateralorbitofrontal,rh.lateralorbitofrontal_12
17,ctx-rh-lateralorbitofrontal,rh.lateralorbitofrontal_12
18,ctx-rh-lateralorbitofrontal,rh.lateralorbitofrontal_1
19,ctx-rh-lateralorbitofrontal,rh.lateralorbitofrontal_1
20,ctx-rh-lateralorbitofrontal,rh.lateralorbitofrontal_1
21,ctx-rh-lateralorbitofrontal,rh.lateralorbitofrontal_1
22,ctx-rh-lateralorbitofrontal,rh.lateralorbitofrontal_1
23,ctx-rh-lateralorbitofrontal,rh.lateralorbitofrontal_3
24,ctx-rh-lateralorbitofrontal,rh.lateralorbitofrontal_3
25,ctx-rh-lateralorbitofrontal,rh.lateralorbitofrontal_3
26,ctx-rh-lateralorbitofrontal,rh.lateralorbitofrontal_3
27,ctx-rh-lateralorbitofrontal,rh.lateralorbitofrontal_16
28,ctx-rh-lateralorbitofrontal,rh.lateralorbitofrontal_14
29,ctx-rh-lateralorbitofrontal,rh.lateralorbitofrontal_14
30,ctx-rh-lateralorbitofrontal,rh.lateralorbitofrontal_14
31,ctx-rh-lateralorbitofrontal,rh.lateralorbitofrontal_14
32,ctx-rh-lateralorbitofrontal,rh.lateralorbitofrontal_14
33,ctx-rh-lateralorbitofrontal,rh.lateralorbitofrontal_14
34,ctx-rh-lateralorbitofrontal,rh.lateralorbitofrontal_14
35,ctx-rh-medialorbitofrontal,rh.medialorbitofrontal_3
36,ctx-rh-medialorbitofrontal,rh.medialorbitofrontal_3
37,ctx-rh-medialorbitofrontal,rh.medialorbitofrontal_10
38,ctx-rh-medialorbitofrontal,rh.medialorbitofrontal_10
39,ctx-rh-medialorbitofrontal,rh.medialorbitofrontal_10
40,ctx-rh-medialorbitofrontal,rh.medialorbitofrontal_10
41,ctx-rh-medialorbitofrontal,rh.medialorbitofrontal_10
42,ctx-rh-medialorbitofrontal,rh.medialorbitofrontal_8
43,ctx-rh-medialorbitofrontal,rh.medialorbitofrontal_8
44,ctx-rh-medialorbitofrontal,rh.medialorbitofrontal_4
45,ctx-rh-medialorbitofrontal,rh.medialorbitofrontal_6
46,ctx-rh-parstriangularis,rh.parstriangularis_8
47,ctx-rh-parstriangularis,rh.parstriangularis_8
48,ctx-rh-parstriangularis,rh.parstriangularis_8
49,ctx-rh-parstriangularis,rh.parstriangularis_8
50,ctx-rh-parstriangularis,rh.parstriangularis_8
51,ctx-rh-parstriangularis,rh.parstriangularis_5
52,ctx-rh-parstriangularis,rh.parstriangularis_3
53,ctx-rh-parstriangularis,rh.parstriangularis_7
54,ctx-rh-parstriangularis,rh.parstriangularis_7
55,ctx-rh-parsopercularis,rh.parsopercularis_4
56,ctx-rh-parsopercularis,rh.parsopercularis_9
57,ctx-rh-parsopercularis,rh.parsopercularis_9
58,ctx-rh-parsopercularis,rh.parsopercularis_9
59,ctx-rh-parsopercularis,rh.parsopercularis_7
60,ctx-rh-parsopercularis,rh.parsopercularis_6
61,ctx-rh-parsopercularis,rh.parsopercularis_6
62,ctx-rh-parsopercularis,rh.parsopercularis_6
63,ctx-rh-parsopercularis,rh.parsopercularis_2
64,ctx-rh-parsopercularis,rh.parsopercularis_2
65,ctx-rh-parsopercularis,rh.parsopercularis_2
66,ctx-rh-parsopercularis,rh.parsopercularis_2
67,ctx-rh-rostralmiddlefrontal,rh.rostralmiddlefrontal_19
68,ctx-rh-rostralmiddlefrontal,rh.rostralmiddlefrontal_19
69,ctx-rh-rostralmiddlefrontal,rh.rostralmiddlefrontal_21
70,ctx-rh-rostralmiddlefrontal,rh.rostralmiddlefrontal_21
71,ctx-rh-rostralmiddlefrontal,rh.rostralmiddlefrontal_21
72,ctx-rh-rostralmiddlefrontal,rh.rostralmiddlefrontal_21
73,ctx-rh-rostralmiddlefrontal,rh.rostralmiddlefrontal_21
74,ctx-rh-rostralmiddlefrontal,rh.rostralmiddlefrontal_21
75,ctx-rh-rostralmiddlefrontal,rh.rostralmiddlefrontal_21
76,ctx-rh-rostralmiddlefrontal,rh.rostralmiddlefrontal_10
77,ctx-rh-rostralmiddlefrontal,rh.rostralmiddlefrontal_10
78,ctx-rh-rostralmiddlefrontal,rh.rostralmiddlefrontal_10
79,ctx-rh-rostralmiddlefrontal,rh.rostralmiddlefrontal_20
80,ctx-rh-rostralmiddlefrontal,rh.rostralmiddlefrontal_20
81,ctx-rh-rostralmiddlefrontal,rh.rostralmiddlefrontal_18
82,ctx-rh-rostralmiddlefrontal,rh.rostralmiddlefrontal_18
83,ctx-rh-rostralmiddlefrontal,rh.rostralmiddlefrontal_18
84,ctx-rh-rostralmiddlefrontal,rh.rostralmiddlefrontal_18
85,ctx-rh-rostralmiddlefrontal,rh.rostralmiddlefrontal_18
86,ctx-rh-rostralmiddlefrontal,rh.rostralmiddlefrontal_7
87,ctx-rh-rostralmiddlefrontal,rh.rostralmiddlefrontal_23
88,ctx-rh-rostralmiddlefrontal,rh.rostralmiddlefrontal_23
89,ctx-rh-rostralmiddlefrontal,rh.rostralmiddlefrontal_23
90,ctx-rh-rostralmiddlefrontal,rh.rostralmiddlefrontal_23
91,ctx-rh-rostralmiddlefrontal,rh.rostralmiddlefrontal_27
92,ctx-rh-rostralmiddlefrontal,rh.rostralmiddlefrontal_14
93,ctx-rh-rostralmiddlefrontal,rh.rostralmiddlefrontal_14
94,ctx-rh-rostralmiddlefrontal,rh.rostralmiddlefrontal_14
95,ctx-rh-rostralmiddlefrontal,rh.rostralmiddlefrontal_9
96,ctx-rh-rostralmiddlefrontal,rh.rostralmiddlefrontal_9
97,ctx-rh-rostralmiddlefrontal,rh.rostralmiddlefrontal_2
98,ctx-rh-rostralmiddlefrontal,rh.rostralmiddlefrontal_2
99,ctx-rh-rostralmiddlefrontal,rh.rostralmiddlefrontal_13
100,ctx-rh-rostralmiddlefrontal,rh.rostralmiddlefrontal_11
101,ctx-rh-rostralmiddlefrontal,rh.rostralmiddlefrontal_3
102,ctx-rh-rostralmiddlefrontal,rh.rostralmiddlefrontal_3
103,ctx-rh-rostralmiddlefrontal,rh.rostralmiddlefrontal_3
104,ctx-rh-rostralmiddlefrontal,rh.rostralmiddlefrontal_26
105,ctx-rh-rostralmiddlefrontal,rh.rostralmiddlefrontal_1
106,ctx-rh-rostralmiddlefrontal,rh.rostralmiddlefrontal_6
107,ctx-rh-rostralmiddlefrontal,rh.rostralmiddlefrontal_6
108,ctx-rh-superiorfrontal,rh.superiorfrontal_40
109,ctx-rh-superiorfrontal,rh.superiorfrontal_3
110,ctx-rh-superiorfrontal,rh.superiorfrontal_3
111,ctx-rh-superiorfrontal,rh.superiorfrontal_3
112,ctx-rh-superiorfrontal,rh.superiorfrontal_14
113,ctx-rh-superiorfrontal,rh.superiorfrontal_14
114,ctx-rh-superiorfrontal,rh.superiorfrontal_14
115,ctx-rh-superiorfrontal,rh.superiorfrontal_14
116,ctx-rh-superiorfrontal,rh.superiorfrontal_14
117,ctx-rh-superiorfrontal,rh.superiorfrontal_7
118,ctx-rh-superiorfrontal,rh.superiorfrontal_7
119,ctx-rh-superiorfrontal,rh.superiorfrontal_19
120,ctx-rh-superiorfrontal,rh.superiorfrontal_19
121,ctx-rh-superiorfrontal,rh.superiorfrontal_1
122,ctx-rh-superiorfrontal,rh.superiorfrontal_1
123,ctx-rh-superiorfrontal,rh.superiorfrontal_27
124,ctx-rh-superiorfrontal,rh.superiorfrontal_27
125,ctx-rh-superiorfrontal,rh.superiorfrontal_27
126,ctx-rh-superiorfrontal,rh.superiorfrontal_27
127,ctx-rh-superiorfrontal,rh.superiorfrontal_27
128,ctx-rh-superiorfrontal,rh.superiorfrontal_27
129,ctx-rh-superiorfrontal,rh.superiorfrontal_27
130,ctx-rh-superiorfrontal,rh.superiorfrontal_30
131,ctx-rh-superiorfrontal,rh.superiorfrontal_30
132,ctx-rh-superiorfrontal,rh.superiorfrontal_11
133,ctx-rh-superiorfrontal,rh.superiorfrontal_11
134,ctx-rh-superiorfrontal,rh.superiorfrontal_11
135,ctx-rh-superiorfrontal,rh.superiorfrontal_11
136,ctx-rh-superiorfrontal,rh.superiorfrontal_11
137,ctx-rh-superiorfrontal,rh.superiorfrontal_37
138,ctx-rh-superiorfrontal,rh.superiorfrontal_25
139,ctx-rh-superiorfrontal,rh.superiorfrontal_25
140,ctx-rh-superiorfrontal,rh.superiorfrontal_24
141,ctx-rh-superiorfrontal,rh.superiorfrontal_24
142,ctx-rh-superiorfrontal,rh.superiorfrontal_24
143,ctx-rh-superiorfrontal,rh.superiorfrontal_24
144,ctx-rh-superiorfrontal,rh.superiorfrontal_24
145,ctx-rh-superiorfrontal,rh.superiorfrontal_38
146,ctx-rh-superiorfrontal,rh.superiorfrontal_22
147,ctx-rh-superiorfrontal,rh.superiorfrontal_22
148,ctx-rh-superiorfrontal,rh.superiorfrontal_18
149,ctx-rh-superiorfrontal,rh.superiorfrontal_42
150,ctx-rh-superiorfrontal,rh.superiorfrontal_42
151,ctx-rh-superiorfrontal,rh.superiorfrontal_42
152,ctx-rh-superiorfrontal,rh.superiorfrontal_42
153,ctx-rh-superiorfrontal,rh.superiorfrontal_13
154,ctx-rh-superiorfrontal,rh.superiorfrontal_13
155,ctx-rh-superiorfrontal,rh.superiorfrontal_13
156,ctx-rh-superiorfrontal,rh.superiorfrontal_28
157,ctx-rh-superiorfrontal,rh.superiorfrontal_28
158,ctx-rh-superiorfrontal,rh.superiorfrontal_28
159,ctx-rh-superiorfrontal,rh.superiorfrontal_28
160,ctx-rh-superiorfrontal,rh.superiorfrontal_28
161,ctx-rh-superiorfrontal,rh.superiorfrontal_41
162,ctx-rh-superiorfrontal,rh.superiorfrontal_41
163,ctx-rh-superiorfrontal,rh.superiorfrontal_16
164,ctx-rh-superiorfrontal,rh.superiorfrontal_17
165,ctx-rh-superiorfrontal,rh.superiorfrontal_31
166,ctx-rh-superiorfrontal,rh.superiorfrontal_31
167,ctx-rh-superiorfrontal,rh.superiorfrontal_26
168,ctx-rh-caudalmiddlefrontal,rh.caudalmiddlefrontal_8
169,ctx-rh-caudalmiddlefrontal,rh.caudalmiddlefrontal_8
170,ctx-rh-caudalmiddlefrontal,rh.caudalmiddlefrontal_8
171,ctx-rh-caudalmiddlefrontal,rh.caudalmiddlefrontal_8
172,ctx-rh-caudalmiddlefrontal,rh.caudalmiddlefrontal_3
173,ctx-rh-caudalmiddlefrontal,rh.caudalmiddlefrontal_3
174,ctx-rh-caudalmiddlefrontal,rh.caudalmiddlefrontal_3
175,ctx-rh-caudalmiddlefrontal,rh.caudalmiddlefrontal_3
176,ctx-rh-caudalmiddlefrontal,rh.caudalmiddlefrontal_3
177,ctx-rh-caudalmiddlefrontal,rh.caudalmiddlefrontal_5
178,ctx-rh-caudalmiddlefrontal,rh.caudalmiddlefrontal_11
179,ctx-rh-caudalmiddlefrontal,rh.caudalmiddlefrontal_11
180,ctx-rh-caudalmiddlefrontal,rh.caudalmiddlefrontal_11
181,ctx-rh-caudalmiddlefrontal,rh.caudalmiddlefrontal_11
182,ctx-rh-caudalmiddlefrontal,rh.caudalmiddlefrontal_11
183,ctx-rh-caudalmiddlefrontal,rh.caudalmiddlefrontal_11
184,ctx-rh-caudalmiddlefrontal,rh.caudalmiddlefrontal_11
185,ctx-rh-caudalmiddlefrontal,rh.caudalmiddlefrontal_11
186,ctx-rh-caudalmiddlefrontal,rh.caudalmiddlefrontal_11
187,ctx-rh-caudalmiddlefrontal,rh.caudalmiddlefrontal_10
188,ctx-rh-caudalmiddlefrontal,rh.caudalmiddlefrontal_10
189,ctx-rh-caudalmiddlefrontal,rh.caudalmiddlefrontal_10
190,ctx-rh-caudalmiddlefrontal,rh.caudalmiddlefrontal_10
191,ctx-rh-caudalmiddlefrontal,rh.caudalmiddlefrontal_1
192,ctx-rh-caudalmiddlefrontal,rh.caudalmiddlefrontal_1
193,ctx-rh-caudalmiddlefrontal,rh.caudalmiddlefrontal_1
194,ctx-rh-caudalmiddlefrontal,rh.caudalmiddlefrontal_6
195,ctx-rh-caudalmiddlefrontal,rh.caudalmiddlefrontal_6
196,ctx-rh-caudalmiddlefrontal,rh.caudalmiddlefrontal_6
197,ctx-rh-precentral,rh.precentral_12
198,ctx-rh-precentral,rh.precentral_12
199,ctx-rh-precentral,rh.precentral_12
200,ctx-rh-precentral,rh.precentral_20
201,ctx-rh-precentral,rh.precentral_20
202,ctx-rh-precentral,rh.precentral_20
203,ctx-rh-precentral,rh.precentral_20
204,ctx-rh-precentral,rh.precentral_20
205,ctx-rh-precentral,rh.precentral_20
206,ctx-rh-precentral,rh.precentral_23
207,ctx-rh-precentral,rh.precentral_23
208,ctx-rh-precentral,rh.precentral_23
209,ctx-rh-precentral,rh.precentral_23
210,ctx-rh-precentral,rh.precentral_23
211,ctx-rh-precentral,rh.precentral_23
212,ctx-rh-precentral,rh.precentral_19
213,ctx-rh-precentral,rh.precentral_19
214,ctx-rh-precentral,rh.precentral_19
215,ctx-rh-precentral,rh.precentral_19
216,ctx-rh-precentral,rh.precentral_19
217,ctx-rh-precentral,rh.precentral_22
218,ctx-rh-precentral,rh.precentral_22
219,ctx-rh-precentral,rh.precentral_22
220,ctx-rh-precentral,rh.precentral_26
221,ctx-rh-precentral,rh.precentral_26
222,ctx-rh-precentral,rh.precentral_26
223,ctx-rh-precentral,rh.precentral_26
224,ctx-rh-precentral,rh.precentral_9
225,ctx-rh-precentral,rh.precentral_9
226,ctx-rh-precentral,rh.precentral_32
227,ctx-rh-precentral,rh.precentral_16
228,ctx-rh-precentral,rh.precentral_16
229,ctx-rh-precentral,rh.precentral_15
230,ctx-rh-precentral,rh.precentral_15
231,ctx-rh-precentral,rh.precentral_15
232,ctx-rh-precentral,rh.precentral_15
233,ctx-rh-precentral,rh.precentral_15
234,ctx-rh-precentral,rh.precentral_15
235,ctx-rh-precentral,rh.precentral_27
236,ctx-rh-precentral,rh.precentral_7
237,ctx-rh-precentral,rh.precentral_7
238,ctx-rh-precentral,rh.precentral_7
239,ctx-rh-precentral,rh.precentral_7
240,ctx-rh-precentral,rh.precentral_7
241,ctx-rh-precentral,rh.precentral_7
242,ctx-rh-precentral,rh.precentral_7
243,ctx-rh-precentral,rh.precentral_7
244,ctx-rh-precentral,rh.precentral_7
245,ctx-rh-precentral,rh.precentral_7
246,ctx-rh-precentral,rh.precentral_7
247,ctx-rh-precentral,rh.precentral_33
248,ctx-rh-precentral,rh.precentral_33
249,ctx-rh-precentral,rh.precentral_33
250,ctx-rh-precentral,rh.precentral_33
251,ctx-rh-precentral,rh.precentral_24
252,ctx-rh-precentral,rh.precentral_24
253,ctx-rh-precentral,rh.precentral_24
254,ctx-rh-precentral,rh.precentral_13
255,ctx-rh-precentral,rh.precentral_29
256,ctx-rh-precentral,rh.precentral_29
257,ctx-rh-precentral,rh.precentral_25
258,ctx-rh-paracentral,rh.paracentral_10
259,ctx-rh-paracentral,rh.paracentral_8
260,ctx-rh-paracentral,rh.paracentral_8
261,ctx-rh-paracentral,rh.paracentral_8
262,ctx-rh-paracentral,rh.paracentral_8
263,ctx-rh-rostralanteriorcingulate,rh.rostralanteriorcingulate_2
264,ctx-rh-rostralanteriorcingulate,rh.rostralanteriorcingulate_2
265,ctx-rh-rostralanteriorcingulate,rh.rostralanteriorcingulate_2
266,ctx-rh-rostralanteriorcingulate,rh.rostralanteriorcingulate_1
267,ctx-rh-rostralanteriorcingulate,rh.rostralanteriorcingulate_1
268,ctx-rh-rostralanteriorcingulate,rh.rostralanteriorcingulate_4
269,ctx-rh-rostralanteriorcingulate,rh.rostralanteriorcingulate_4
270,ctx-rh-rostralanteriorcingulate,rh.rostralanteriorcingulate_4
271,ctx-rh-rostralanteriorcingulate,rh.rostralanteriorcingulate_3
272,ctx-rh-rostralanteriorcingulate,rh.rostralanteriorcingulate_3
273,ctx-rh-caudalanteriorcingulate,rh.caudalanteriorcingulate_1
274,ctx-rh-caudalanteriorcingulate,rh.caudalanteriorcingulate_1
275,ctx-rh-caudalanteriorcingulate,rh.caudalanteriorcingulate_6
276,ctx-rh-caudalanteriorcingulate,rh.caudalanteriorcingulate_4
277,ctx-rh-caudalanteriorcingulate,rh.caudalanteriorcingulate_2
278,ctx-rh-caudalanteriorcingulate,rh.caudalanteriorcingulate_3
279,ctx-rh-caudalanteriorcingulate,rh.caudalanteriorcingulate_5
280,ctx-rh-posteriorcingulate,rh.posteriorcingulate_8
281,ctx-rh-posteriorcingulate,rh.posteriorcingulate_8
282,ctx-rh-posteriorcingulate,rh.posteriorcingulate_1
283,ctx-rh-posteriorcingulate,rh.posteriorcingulate_7
284,ctx-rh-posteriorcingulate,rh.posteriorcingulate_7
285,ctx-rh-posteriorcingulate,rh.posteriorcingulate_7
286,ctx-rh-posteriorcingulate,rh.posteriorcingulate_2
287,ctx-rh-posteriorcingulate,rh.posteriorcingulate_2
288,ctx-rh-posteriorcingulate,rh.posteriorcingulate_5
289,ctx-rh-posteriorcingulate,rh.posteriorcingulate_3
290,ctx-rh-posteriorcingulate,rh.posteriorcingulate_9
291,ctx-rh-posteriorcingulate,rh.posteriorcingulate_6
292,ctx-rh-posteriorcingulate,rh.posteriorcingulate_6
293,ctx-rh-posteriorcingulate,rh.posteriorcingulate_6
294,ctx-rh-posteriorcingulate,rh.posteriorcingulate_6
295,ctx-rh-isthmuscingulate,rh.isthmuscingulate_3
296,ctx-rh-isthmuscingulate,rh.isthmuscingulate_4
297,ctx-rh-isthmuscingulate,rh.isthmuscingulate_5
298,ctx-rh-isthmuscingulate,rh.isthmuscingulate_6
299,ctx-rh-isthmuscingulate,rh.isthmuscingulate_6
300,ctx-rh-postcentral,rh.postcentral_24
301,ctx-rh-postcentral,rh.postcentral_27
302,ctx-rh-postcentral,rh.postcentral_30
303,ctx-rh-postcentral,rh.postcentral_29
304,ctx-rh-postcentral,rh.postcentral_14
305,ctx-rh-postcentral,rh.postcentral_21
306,ctx-rh-supramarginal,rh.supramarginal_19
307,ctx-rh-supramarginal,rh.supramarginal_19
308,ctx-rh-supramarginal,rh.supramarginal_19
309,ctx-rh-supramarginal,rh.supramarginal_11
310,ctx-rh-supramarginal,rh.supramarginal_6
311,ctx-rh-supramarginal,rh.supramarginal_12
312,ctx-rh-supramarginal,rh.supramarginal_12
313,ctx-rh-supramarginal,rh.supramarginal_12
314,ctx-rh-supramarginal,rh.supramarginal_5
315,ctx-rh-supramarginal,rh.supramarginal_17
316,ctx-rh-supramarginal,rh.supramarginal_17
317,ctx-rh-supramarginal,rh.supramarginal_17
318,ctx-rh-supramarginal,rh.supramarginal_17
319,ctx-rh-supramarginal,rh.supramarginal_17
320,ctx-rh-supramarginal,rh.supramarginal_17
321,ctx-rh-supramarginal,rh.supramarginal_17
322,ctx-rh-superiorparietal,rh.superiorparietal_13
323,ctx-rh-superiorparietal,rh.superiorparietal_13
324,ctx-rh-superiorparietal,rh.superiorparietal_13
325,ctx-rh-superiorparietal,rh.superiorparietal_24
326,ctx-rh-superiorparietal,rh.superiorparietal_24
327,ctx-rh-superiorparietal,rh.superiorparietal_24
328,ctx-rh-superiorparietal,rh.superiorparietal_24
329,ctx-rh-superiorparietal,rh.superiorparietal_24
330,ctx-rh-superiorparietal,rh.superiorparietal_25
331,ctx-rh-superiorparietal,rh.superiorparietal_25
332,ctx-rh-superiorparietal,rh.superiorparietal_25
333,ctx-rh-superiorparietal,rh.superiorparietal_22
334,ctx-rh-superiorparietal,rh.superiorparietal_22
335,ctx-rh-superiorparietal,rh.superiorparietal_9
336,ctx-rh-superiorparietal,rh.superiorparietal_9
337,ctx-rh-superiorparietal,rh.superiorparietal_5
338,ctx-rh-superiorparietal,rh.superiorparietal_2
339,ctx-rh-superiorparietal,rh.superiorparietal_14
340,ctx-rh-superiorparietal,rh.superiorparietal_14
341,ctx-rh-superiorparietal,rh.superiorparietal_14
342,ctx-rh-superiorparietal,rh.superiorparietal_11
343,ctx-rh-superiorparietal,rh.superiorparietal_11
344,ctx-rh-superiorparietal,rh.superiorparietal_11
345,ctx-rh-superiorparietal,rh.superiorparietal_3
346,ctx-rh-superiorparietal,rh.superiorparietal_3
347,ctx-rh-superiorparietal,rh.superiorparietal_8
348,ctx-rh-inferiorparietal,rh.inferiorparietal_13
349,ctx-rh-inferiorparietal,rh.inferiorparietal_14
350,ctx-rh-inferiorparietal,rh.inferiorparietal_18
351,ctx-rh-inferiorparietal,rh.inferiorparietal_18
352,ctx-rh-inferiorparietal,rh.inferiorparietal_18
353,ctx-rh-inferiorparietal,rh.inferiorparietal_10
354,ctx-rh-inferiorparietal,rh.inferiorparietal_20
355,ctx-rh-inferiorparietal,rh.inferiorparietal_20
356,ctx-rh-inferiorparietal,rh.inferiorparietal_20
357,ctx-rh-inferiorparietal,rh.inferiorparietal_22
358,ctx-rh-inferiorparietal,rh.inferiorparietal_22
359,ctx-rh-inferiorparietal,rh.inferiorparietal_22
360,ctx-rh-inferiorparietal,rh.inferiorparietal_22
361,ctx-rh-inferiorparietal,rh.inferiorparietal_23
362,ctx-rh-precuneus,rh.precuneus_3
363,ctx-rh-precuneus,rh.precuneus_6
364,ctx-rh-precuneus,rh.precuneus_19
365,ctx-rh-precuneus,rh.precuneus_10
366,ctx-rh-precuneus,rh.precuneus_16
367,ctx-rh-pericalcarine,rh.pericalcarine_1
368,ctx-rh-pericalcarine,rh.pericalcarine_1
369,ctx-rh-pericalcarine,rh.pericalcarine_7
370,ctx-rh-pericalcarine,rh.pericalcarine_7
371,ctx-rh-pericalcarine,rh.pericalcarine_2
372,ctx-rh-pericalcarine,rh.pericalcarine_2
373,ctx-rh-lateraloccipital,rh.lateraloccipital_15
374,ctx-rh-lateraloccipital,rh.lateraloccipital_15
375,ctx-rh-lateraloccipital,rh.lateraloccipital_15
376,ctx-rh-lateraloccipital,rh.lateraloccipital_16
377,ctx-rh-lateraloccipital,rh.lateraloccipital_7
378,ctx-rh-lateraloccipital,rh.lateraloccipital_3
379,ctx-rh-lateraloccipital,rh.lateraloccipital_3
380,ctx-rh-lateraloccipital,rh.lateraloccipital_3
381,ctx-rh-lateraloccipital,rh.lateraloccipital_3
382,ctx-rh-lateraloccipital,rh.lateraloccipital_17
383,ctx-rh-lateraloccipital,rh.lateraloccipital_6
384,ctx-rh-lateraloccipital,rh.lateraloccipital_5
385,ctx-rh-lateraloccipital,rh.lateraloccipital_5
386,ctx-rh-lateraloccipital,rh.lateraloccipital_5
387,ctx-rh-lateraloccipital,rh.lateraloccipital_22
388,ctx-rh-lateraloccipital,rh.lateraloccipital_22
389,ctx-rh-fusiform,rh.fusiform_1
390,ctx-rh-fusiform,rh.fusiform_10
391,ctx-rh-parahippocampal,rh.parahippocampal_5
392,ctx-rh-parahippocampal,rh.parahippocampal_4
393,ctx-rh-entorhinal,rh.entorhinal_2
394,ctx-rh-inferiortemporal,rh.inferiortemporal_16
395,ctx-rh-inferiortemporal,rh.inferiortemporal_16
396,ctx-rh-inferiortemporal,rh.inferiortemporal_11
397,ctx-rh-inferiortemporal,rh.inferiortemporal_1
398,ctx-rh-inferiortemporal,rh.inferiortemporal_7
399,ctx-rh-inferiortemporal,rh.inferiortemporal_7
400,ctx-rh-inferiortemporal,rh.inferiortemporal_7
401,ctx-rh-inferiortemporal,rh.inferiortemporal_6
402,ctx-rh-inferiortemporal,rh.inferiortemporal_15
403,ctx-rh-inferiortemporal,rh.inferiortemporal_15
404,ctx-rh-inferiortemporal,rh.inferiortemporal_15
405,ctx-rh-inferiortemporal,rh.inferiortemporal_15
406,ctx-rh-middletemporal,rh.middletemporal_12
407,ctx-rh-middletemporal,rh.middletemporal_4
408,ctx-rh-middletemporal,rh.middletemporal_4
409,ctx-rh-bankssts,rh.bankssts_3
410,ctx-rh-bankssts,rh.bankssts_2
411,ctx-rh-bankssts,rh.bankssts_1
412,ctx-rh-bankssts,rh.bankssts_1
413,ctx-rh-bankssts,rh.bankssts_1
414,ctx-rh-bankssts,rh.bankssts_1
415,ctx-rh-superiortemporal,rh.superiortemporal_14
416,ctx-rh-superiortemporal,rh.superiortemporal_14
417,ctx-rh-superiortemporal,rh.superiortemporal_21
418,ctx-rh-superiortemporal,rh.superiortemporal_24
419,ctx-rh-superiortemporal,rh.superiortemporal_11
420,ctx-rh-superiortemporal,rh.superiortemporal_20
421,ctx-rh-insula,rh.insula_16
422,ctx-rh-insula,rh.insula_16
423,ctx-rh-insula,rh.insula_16
424,ctx-rh-insula,rh.insula_13
425,ctx-rh-insula,rh.insula_13
426,ctx-rh-insula,rh.insula_6
427,ctx-rh-insula,rh.insula_6
428,ctx-rh-insula,rh.insula_4
429,ctx-rh-insula,rh.insula_5
430,ctx-rh-insula,rh.insula_5
431,ctx-rh-insula,rh.insula_5
432,ctx-rh-insula,rh.insula_5
433,ctx-rh-insula,rh.insula_15
434,ctx-rh-insula,rh.insula_8
435,ctx-rh-insula,rh.insula_11
436,ctx-rh-insula,rh.insula_10
437,ctx-rh-insula,rh.insula_1
438,ctx-rh-insula,rh.insula_7
439,ctx-rh-insula,rh.insula_14
440,ctx-rh-insula,rh.insula_14
441,ctx-rh-insula,rh.insula_3
442,ctx-rh-insula,rh.insula_3
443,ctx-rh-insula,rh.insula_3
444,ctx-rh-insula,rh.insula_2
445,ctx-rh-insula,rh.insula_2
446,ctx-rh-insula,rh.insula_2
447,ctx-rh-insula,rh.insula_12
448,ctx-rh-insula,rh.insula_12
449,ctx-rh-insula,rh.insula_9
450,ctx-rh-insula,rh.insula_9
451,Right-Thalamus-Proper,Right-Thalamus-Proper
452,Right-Thalamus-Proper,Right-Thalamus-Proper
453,Right-Thalamus-Proper,Right-Thalamus-Proper
454,Right-Thalamus-Proper,Right-Thalamus-Proper
455,Right-Thalamus-Proper,Right-Thalamus-Proper
456,Right-Thalamus-Proper,Right-Thalamus-Proper
457,Right-Thalamus-Proper,Right-Thalamus-Proper
458,Right-Thalamus-Proper,Right-Thalamus-Proper
459,Right-Thalamus-Proper,Right-Thalamus-Proper
460,Right-Thalamus-Proper,Right-Thalamus-Proper
461,Right-Caudate,Right-Caudate
462,Right-Caudate,Right-Caudate
463,Right-Caudate,Right-Caudate
464,Right-Caudate,Right-Caudate
465,Right-Caudate,Right-Caudate
466,Right-Caudate,Right-Caudate
467,Right-Caudate,Right-Caudate
468,Right-Caudate,Right-Caudate
469,Right-Caudate,Right-Caudate
470,Right-Caudate,Right-Caudate
471,Right-Caudate,Right-Caudate
472,Right-Caudate,Right-Caudate
473,Right-Putamen,Right-Putamen
474,Right-Putamen,Right-Putamen
475,Right-Putamen,Right-Putamen
476,Right-Putamen,Right-Putamen
477,Right-Putamen,Right-Putamen
478,Right-Pallidum,Right-Pallidum
479,Right-Pallidum,Right-Pallidum
480,Right-Pallidum,Right-Pallidum
481,Right-Pallidum,Right-Pallidum
482,Right-Accumbens-area,Right-Accumbens-area
483,Right-Accumbens-area,Right-Accumbens-area
484,Right-Hippocampus,Right-Hippocampus
485,Right-Hippocampus,Right-Hippocampus
486,Right-Hippocampus,Right-Hippocampus
487,ctx-lh-lateralorbitofrontal,lh.lateralorbitofrontal_9
488,ctx-lh-lateralorbitofrontal,lh.lateralorbitofrontal_9
489,ctx-lh-lateralorbitofrontal,lh.lateralorbitofrontal_4
490,ctx-lh-lateralorbitofrontal,lh.lateralorbitofrontal_6
491,ctx-lh-lateralorbitofrontal,lh.lateralorbitofrontal_6
492,ctx-lh-lateralorbitofrontal,lh.lateralorbitofrontal_3
493,ctx-lh-lateralorbitofrontal,lh.lateralorbitofrontal_13
494,ctx-lh-lateralorbitofrontal,lh.lateralorbitofrontal_13
495,ctx-lh-lateralorbitofrontal,lh.lateralorbitofrontal_13
496,ctx-lh-lateralorbitofrontal,lh.lateralorbitofrontal_2
497,ctx-lh-lateralorbitofrontal,lh.lateralorbitofrontal_7
498,ctx-lh-lateralorbitofrontal,lh.lateralorbitofrontal_10
499,ctx-lh-lateralorbitofrontal,lh.lateralorbitofrontal_10
500,ctx-lh-lateralorbitofrontal,lh.lateralorbitofrontal_10
501,ctx-lh-lateralorbitofrontal,lh.lateralorbitofrontal_10
502,ctx-lh-lateralorbitofrontal,lh.lateralorbitofrontal_10
503,ctx-lh-lateralorbitofrontal,lh.lateralorbitofrontal_10
504,ctx-lh-lateralorbitofrontal,lh.lateralorbitofrontal_12
505,ctx-lh-lateralorbitofrontal,lh.lateralorbitofrontal_8
506,ctx-lh-lateralorbitofrontal,lh.lateralorbitofrontal_8
507,ctx-lh-lateralorbitofrontal,lh.lateralorbitofrontal_8
508,ctx-lh-lateralorbitofrontal,lh.lateralorbitofrontal_8
509,ctx-lh-lateralorbitofrontal,lh.lateralorbitofrontal_8
510,ctx-lh-lateralorbitofrontal,lh.lateralorbitofrontal_8
511,ctx-lh-lateralorbitofrontal,lh.lateralorbitofrontal_8
512,ctx-lh-lateralorbitofrontal,lh.lateralorbitofrontal_8
513,ctx-lh-lateralorbitofrontal,lh.lateralorbitofrontal_5
514,ctx-lh-lateralorbitofrontal,lh.lateralorbitofrontal_5
515,ctx-lh-lateralorbitofrontal,lh.lateralorbitofrontal_5
516,ctx-lh-lateralorbitofrontal,lh.lateralorbitofrontal_1
517,ctx-lh-lateralorbitofrontal,lh.lateralorbitofrontal_1
518,ctx-lh-lateralorbitofrontal,lh.lateralorbitofrontal_1
519,ctx-lh-lateralorbitofrontal,lh.lateralorbitofrontal_1
520,ctx-lh-medialorbitofrontal,lh.medialorbitofrontal_4
521,ctx-lh-medialorbitofrontal,lh.medialorbitofrontal_4
522,ctx-lh-medialorbitofrontal,lh.medialorbitofrontal_4
523,ctx-lh-medialorbitofrontal,lh.medialorbitofrontal_4
524,ctx-lh-medialorbitofrontal,lh.medialorbitofrontal_5
525,ctx-lh-medialorbitofrontal,lh.medialorbitofrontal_5
526,ctx-lh-medialorbitofrontal,lh.medialorbitofrontal_5
527,ctx-lh-medialorbitofrontal,lh.medialorbitofrontal_5
528,ctx-lh-medialorbitofrontal,lh.medialorbitofrontal_5
529,ctx-lh-medialorbitofrontal,lh.medialorbitofrontal_7
530,ctx-lh-medialorbitofrontal,lh.medialorbitofrontal_7
531,ctx-lh-medialorbitofrontal,lh.medialorbitofrontal_1
532,ctx-lh-parstriangularis,lh.parstriangularis_6
533,ctx-lh-parstriangularis,lh.parstriangularis_6
534,ctx-lh-parstriangularis,lh.parstriangularis_6
535,ctx-lh-parstriangularis,lh.parstriangularis_6
536,ctx-lh-parstriangularis,lh.parstriangularis_6
537,ctx-lh-parstriangularis,lh.parstriangularis_2
538,ctx-lh-parstriangularis,lh.parstriangularis_2
539,ctx-lh-parstriangularis,lh.parstriangularis_2
540,ctx-lh-parstriangularis,lh.parstriangularis_2
541,ctx-lh-parstriangularis,lh.parstriangularis_2
542,ctx-lh-parstriangularis,lh.parstriangularis_2
543,ctx-lh-parstriangularis,lh.parstriangularis_2
544,ctx-lh-parstriangularis,lh.parstriangularis_2
545,ctx-lh-parstriangularis,lh.parstriangularis_2
546,ctx-lh-parsopercularis,lh.parsopercularis_6
547,ctx-lh-parsopercularis,lh.parsopercularis_6
548,ctx-lh-parsopercularis,lh.parsopercularis_6
549,ctx-lh-parsopercularis,lh.parsopercularis_7
550,ctx-lh-parsopercularis,lh.parsopercularis_8
551,ctx-lh-parsopercularis,lh.parsopercularis_8
552,ctx-lh-parsopercularis,lh.parsopercularis_4
553,ctx-lh-parsopercularis,lh.parsopercularis_4
554,ctx-lh-parsopercularis,lh.parsopercularis_1
555,ctx-lh-rostralmiddlefrontal,lh.rostralmiddlefrontal_13
556,ctx-lh-rostralmiddlefrontal,lh.rostralmiddlefrontal_13
557,ctx-lh-rostralmiddlefrontal,lh.rostralmiddlefrontal_9
558,ctx-lh-rostralmiddlefrontal,lh.rostralmiddlefrontal_9
559,ctx-lh-rostralmiddlefrontal,lh.rostralmiddlefrontal_9
560,ctx-lh-rostralmiddlefrontal,lh.rostralmiddlefrontal_19
561,ctx-lh-rostralmiddlefrontal,lh.rostralmiddlefrontal_19
562,ctx-lh-rostralmiddlefrontal,lh.rostralmiddlefrontal_19
563,ctx-lh-rostralmiddlefrontal,lh.rostralmiddlefrontal_19
564,ctx-lh-rostralmiddlefrontal,lh.rostralmiddlefrontal_19
565,ctx-lh-rostralmiddlefrontal,lh.rostralmiddlefrontal_22
566,ctx-lh-rostralmiddlefrontal,lh.rostralmiddlefrontal_4
567,ctx-lh-rostralmiddlefrontal,lh.rostralmiddlefrontal_4
568,ctx-lh-rostralmiddlefrontal,lh.rostralmiddlefrontal_4
569,ctx-lh-rostralmiddlefrontal,lh.rostralmiddlefrontal_4
570,ctx-lh-rostralmiddlefrontal,lh.rostralmiddlefrontal_4
571,ctx-lh-rostralmiddlefrontal,lh.rostralmiddlefrontal_4
572,ctx-lh-rostralmiddlefrontal,lh.rostralmiddlefrontal_4
573,ctx-lh-rostralmiddlefrontal,lh.rostralmiddlefrontal_4
574,ctx-lh-rostralmiddlefrontal,lh.rostralmiddlefrontal_26
575,ctx-lh-rostralmiddlefrontal,lh.rostralmiddlefrontal_26
576,ctx-lh-rostralmiddlefrontal,lh.rostralmiddlefrontal_18
577,ctx-lh-rostralmiddlefrontal,lh.rostralmiddlefrontal_18
578,ctx-lh-rostralmiddlefrontal,lh.rostralmiddlefrontal_10
579,ctx-lh-rostralmiddlefrontal,lh.rostralmiddlefrontal_23
580,ctx-lh-rostralmiddlefrontal,lh.rostralmiddlefrontal_23
581,ctx-lh-rostralmiddlefrontal,lh.rostralmiddlefrontal_8
582,ctx-lh-rostralmiddlefrontal,lh.rostralmiddlefrontal_8
583,ctx-lh-rostralmiddlefrontal,lh.rostralmiddlefrontal_7
584,ctx-lh-rostralmiddlefrontal,lh.rostralmiddlefrontal_7
585,ctx-lh-rostralmiddlefrontal,lh.rostralmiddlefrontal_3
586,ctx-lh-rostralmiddlefrontal,lh.rostralmiddlefrontal_3
587,ctx-lh-rostralmiddlefrontal,lh.rostralmiddlefrontal_25
588,ctx-lh-rostralmiddlefrontal,lh.rostralmiddlefrontal_1
589,ctx-lh-rostralmiddlefrontal,lh.rostralmiddlefrontal_1
590,ctx-lh-superiorfrontal,lh.superiorfrontal_11
591,ctx-lh-superiorfrontal,lh.superiorfrontal_32
592,ctx-lh-superiorfrontal,lh.superiorfrontal_32
593,ctx-lh-superiorfrontal,lh.superiorfrontal_32
594,ctx-lh-superiorfrontal,lh.superiorfrontal_32
595,ctx-lh-superiorfrontal,lh.superiorfrontal_32
596,ctx-lh-superiorfrontal,lh.superiorfrontal_14
597,ctx-lh-superiorfrontal,lh.superiorfrontal_10
598,ctx-lh-superiorfrontal,lh.superiorfrontal_10
599,ctx-lh-superiorfrontal,lh.superiorfrontal_10
600,ctx-lh-superiorfrontal,lh.superiorfrontal_10
601,ctx-lh-superiorfrontal,lh.superiorfrontal_35
602,ctx-lh-superiorfrontal,lh.superiorfrontal_35
603,ctx-lh-superiorfrontal,lh.superiorfrontal_35
604,ctx-lh-superiorfrontal,lh.superiorfrontal_35
605,ctx-lh-superiorfrontal,lh.superiorfrontal_35
606,ctx-lh-superiorfrontal,lh.superiorfrontal_35
607,ctx-lh-superiorfrontal,lh.superiorfrontal_42
608,ctx-lh-superiorfrontal,lh.superiorfrontal_42
609,ctx-lh-superiorfrontal,lh.superiorfrontal_42
610,ctx-lh-superiorfrontal,lh.superiorfrontal_42
611,ctx-lh-superiorfrontal,lh.superiorfrontal_42
612,ctx-lh-superiorfrontal,lh.superiorfrontal_42
613,ctx-lh-superiorfrontal,lh.superiorfrontal_24
614,ctx-lh-superiorfrontal,lh.superiorfrontal_24
615,ctx-lh-superiorfrontal,lh.superiorfrontal_24
616,ctx-lh-superiorfrontal,lh.superiorfrontal_24
617,ctx-lh-superiorfrontal,lh.superiorfrontal_1
618,ctx-lh-superiorfrontal,lh.superiorfrontal_1
619,ctx-lh-superiorfrontal,lh.superiorfrontal_38
620,ctx-lh-superiorfrontal,lh.superiorfrontal_38
621,ctx-lh-superiorfrontal,lh.superiorfrontal_38
622,ctx-lh-superiorfrontal,lh.superiorfrontal_38
623,ctx-lh-superiorfrontal,lh.superiorfrontal_38
624,ctx-lh-superiorfrontal,lh.superiorfrontal_38
625,ctx-lh-superiorfrontal,lh.superiorfrontal_45
626,ctx-lh-superiorfrontal,lh.superiorfrontal_45
627,ctx-lh-superiorfrontal,lh.superiorfrontal_45
628,ctx-lh-superiorfrontal,lh.superiorfrontal_29
629,ctx-lh-superiorfrontal,lh.superiorfrontal_29
630,ctx-lh-superiorfrontal,lh.superiorfrontal_44
631,ctx-lh-superiorfrontal,lh.superiorfrontal_44
632,ctx-lh-superiorfrontal,lh.superiorfrontal_44
633,ctx-lh-superiorfrontal,lh.superiorfrontal_44
634,ctx-lh-superiorfrontal,lh.superiorfrontal_44
635,ctx-lh-superiorfrontal,lh.superiorfrontal_28
636,ctx-lh-superiorfrontal,lh.superiorfrontal_28
637,ctx-lh-superiorfrontal,lh.superiorfrontal_22
638,ctx-lh-superiorfrontal,lh.superiorfrontal_22
639,ctx-lh-superiorfrontal,lh.superiorfrontal_22
640,ctx-lh-superiorfrontal,lh.superiorfrontal_22
641,ctx-lh-superiorfrontal,lh.superiorfrontal_22
642,ctx-lh-superiorfrontal,lh.superiorfrontal_22
643,ctx-lh-superiorfrontal,lh.superiorfrontal_22
644,ctx-lh-superiorfrontal,lh.superiorfrontal_22
645,ctx-lh-superiorfrontal,lh.superiorfrontal_27
646,ctx-lh-superiorfrontal,lh.superiorfrontal_27
647,ctx-lh-superiorfrontal,lh.superiorfrontal_27
648,ctx-lh-superiorfrontal,lh.superiorfrontal_27
649,ctx-lh-superiorfrontal,lh.superiorfrontal_27
650,ctx-lh-superiorfrontal,lh.superiorfrontal_27
651,ctx-lh-superiorfrontal,lh.superiorfrontal_20
652,ctx-lh-superiorfrontal,lh.superiorfrontal_20
653,ctx-lh-superiorfrontal,lh.superiorfrontal_20
654,ctx-lh-superiorfrontal,lh.superiorfrontal_20
655,ctx-lh-superiorfrontal,lh.superiorfrontal_20
656,ctx-lh-superiorfrontal,lh.superiorfrontal_37
657,ctx-lh-superiorfrontal,lh.superiorfrontal_2
658,ctx-lh-superiorfrontal,lh.superiorfrontal_2
659,ctx-lh-superiorfrontal,lh.superiorfrontal_2
660,ctx-lh-superiorfrontal,lh.superiorfrontal_2
661,ctx-lh-superiorfrontal,lh.superiorfrontal_3
662,ctx-lh-superiorfrontal,lh.superiorfrontal_31
663,ctx-lh-superiorfrontal,lh.superiorfrontal_31
664,ctx-lh-superiorfrontal,lh.superiorfrontal_31
665,ctx-lh-superiorfrontal,lh.superiorfrontal_43
666,ctx-lh-superiorfrontal,lh.superiorfrontal_43
667,ctx-lh-superiorfrontal,lh.superiorfrontal_43
668,ctx-lh-superiorfrontal,lh.superiorfrontal_43
669,ctx-lh-superiorfrontal,lh.superiorfrontal_17
670,ctx-lh-caudalmiddlefrontal,lh.caudalmiddlefrontal_9
671,ctx-lh-caudalmiddlefrontal,lh.caudalmiddlefrontal_9
672,ctx-lh-caudalmiddlefrontal,lh.caudalmiddlefrontal_9
673,ctx-lh-caudalmiddlefrontal,lh.caudalmiddlefrontal_9
674,ctx-lh-caudalmiddlefrontal,lh.caudalmiddlefrontal_9
675,ctx-lh-caudalmiddlefrontal,lh.caudalmiddlefrontal_13
676,ctx-lh-caudalmiddlefrontal,lh.caudalmiddlefrontal_13
677,ctx-lh-caudalmiddlefrontal,lh.caudalmiddlefrontal_13
678,ctx-lh-caudalmiddlefrontal,lh.caudalmiddlefrontal_13
679,ctx-lh-caudalmiddlefrontal,lh.caudalmiddlefrontal_13
680,ctx-lh-caudalmiddlefrontal,lh.caudalmiddlefrontal_13
681,ctx-lh-caudalmiddlefrontal,lh.caudalmiddlefrontal_13
682,ctx-lh-caudalmiddlefrontal,lh.caudalmiddlefrontal_5
683,ctx-lh-caudalmiddlefrontal,lh.caudalmiddlefrontal_5
684,ctx-lh-caudalmiddlefrontal,lh.caudalmiddlefrontal_5
685,ctx-lh-caudalmiddlefrontal,lh.caudalmiddlefrontal_5
686,ctx-lh-caudalmiddlefrontal,lh.caudalmiddlefrontal_5
687,ctx-lh-caudalmiddlefrontal,lh.caudalmiddlefrontal_5
688,ctx-lh-caudalmiddlefrontal,lh.caudalmiddlefrontal_3
689,ctx-lh-caudalmiddlefrontal,lh.caudalmiddlefrontal_3
690,ctx-lh-caudalmiddlefrontal,lh.caudalmiddlefrontal_3
691,ctx-lh-caudalmiddlefrontal,lh.caudalmiddlefrontal_3
692,ctx-lh-caudalmiddlefrontal,lh.caudalmiddlefrontal_4
693,ctx-lh-caudalmiddlefrontal,lh.caudalmiddlefrontal_4
694,ctx-lh-caudalmiddlefrontal,lh.caudalmiddlefrontal_4
695,ctx-lh-caudalmiddlefrontal,lh.caudalmiddlefrontal_4
696,ctx-lh-caudalmiddlefrontal,lh.caudalmiddlefrontal_10
697,ctx-lh-caudalmiddlefrontal,lh.caudalmiddlefrontal_10
698,ctx-lh-caudalmiddlefrontal,lh.caudalmiddlefrontal_10
699,ctx-lh-caudalmiddlefrontal,lh.caudalmiddlefrontal_10
700,ctx-lh-precentral,lh.precentral_12
701,ctx-lh-precentral,lh.precentral_12
702,ctx-lh-precentral,lh.precentral_17
703,ctx-lh-precentral,lh.precentral_33
704,ctx-lh-precentral,lh.precentral_33
705,ctx-lh-precentral,lh.precentral_33
706,ctx-lh-precentral,lh.precentral_33
707,ctx-lh-precentral,lh.precentral_33
708,ctx-lh-precentral,lh.precentral_33
709,ctx-lh-precentral,lh.precentral_3
710,ctx-lh-precentral,lh.precentral_3
711,ctx-lh-precentral,lh.precentral_26
712,ctx-lh-precentral,lh.precentral_26
713,ctx-lh-precentral,lh.precentral_26
714,ctx-lh-precentral,lh.precentral_21
715,ctx-lh-precentral,lh.precentral_21
716,ctx-lh-precentral,lh.precentral_21
717,ctx-lh-precentral,lh.precentral_21
718,ctx-lh-precentral,lh.precentral_21
719,ctx-lh-precentral,lh.precentral_21
720,ctx-lh-precentral,lh.precentral_21
721,ctx-lh-precentral,lh.precentral_21
722,ctx-lh-precentral,lh.precentral_21
723,ctx-lh-precentral,lh.precentral_21
724,ctx-lh-precentral,lh.precentral_21
725,ctx-lh-precentral,lh.precentral_21
726,ctx-lh-precentral,lh.precentral_21
727,ctx-lh-precentral,lh.precentral_21
728,ctx-lh-precentral,lh.precentral_10
729,ctx-lh-precentral,lh.precentral_16
730,ctx-lh-precentral,lh.precentral_16
731,ctx-lh-precentral,lh.precentral_16
732,ctx-lh-precentral,lh.precentral_16
733,ctx-lh-precentral,lh.precentral_16
734,ctx-lh-precentral,lh.precentral_16
735,ctx-lh-precentral,lh.precentral_16
736,ctx-lh-precentral,lh.precentral_16
737,ctx-lh-precentral,lh.precentral_35
738,ctx-lh-precentral,lh.precentral_4
739,ctx-lh-precentral,lh.precentral_4
740,ctx-lh-precentral,lh.precentral_4
741,ctx-lh-precentral,lh.precentral_4
742,ctx-lh-precentral,lh.precentral_4
743,ctx-lh-precentral,lh.precentral_4
744,ctx-lh-precentral,lh.precentral_4
745,ctx-lh-precentral,lh.precentral_4
746,ctx-lh-precentral,lh.precentral_5
747,ctx-lh-precentral,lh.precentral_6
748,ctx-lh-precentral,lh.precentral_6
749,ctx-lh-precentral,lh.precentral_6
750,ctx-lh-precentral,lh.precentral_6
751,ctx-lh-precentral,lh.precentral_6
752,ctx-lh-precentral,lh.precentral_6
753,ctx-lh-precentral,lh.precentral_6
754,ctx-lh-precentral,lh.precentral_6
755,ctx-lh-precentral,lh.precentral_25
756,ctx-lh-precentral,lh.precentral_25
757,ctx-lh-precentral,lh.precentral_25
758,ctx-lh-precentral,lh.precentral_25
759,ctx-lh-precentral,lh.precentral_29
760,ctx-lh-precentral,lh.precentral_11
761,ctx-lh-precentral,lh.precentral_11
762,ctx-lh-precentral,lh.precentral_11
763,ctx-lh-precentral,lh.precentral_11
764,ctx-lh-precentral,lh.precentral_11
765,ctx-lh-precentral,lh.precentral_8
766,ctx-lh-precentral,lh.precentral_15
767,ctx-lh-precentral,lh.precentral_15
768,ctx-lh-precentral,lh.precentral_15
769,ctx-lh-precentral,lh.precentral_15
770,ctx-lh-precentral,lh.precentral_22
771,ctx-lh-precentral,lh.precentral_28
772,ctx-lh-precentral,lh.precentral_28
773,ctx-lh-precentral,lh.precentral_23
774,ctx-lh-paracentral,lh.paracentral_7
775,ctx-lh-paracentral,lh.paracentral_11
776,ctx-lh-rostralanteriorcingulate,lh.rostralanteriorcingulate_1
777,ctx-lh-rostralanteriorcingulate,lh.rostralanteriorcingulate_1
778,ctx-lh-rostralanteriorcingulate,lh.rostralanteriorcingulate_1
779,ctx-lh-rostralanteriorcingulate,lh.rostralanteriorcingulate_4
780,ctx-lh-rostralanteriorcingulate,lh.rostralanteriorcingulate_4
781,ctx-lh-rostralanteriorcingulate,lh.rostralanteriorcingulate_3
782,ctx-lh-rostralanteriorcingulate,lh.rostralanteriorcingulate_3
783,ctx-lh-rostralanteriorcingulate,lh.rostralanteriorcingulate_2
784,ctx-lh-rostralanteriorcingulate,lh.rostralanteriorcingulate_2
785,ctx-lh-rostralanteriorcingulate,lh.rostralanteriorcingulate_2
786,ctx-lh-rostralanteriorcingulate,lh.rostralanteriorcingulate_2
787,ctx-lh-rostralanteriorcingulate,lh.rostralanteriorcingulate_5
788,ctx-lh-rostralanteriorcingulate,lh.rostralanteriorcingulate_5
789,ctx-lh-caudalanteriorcingulate,lh.caudalanteriorcingulate_5
790,ctx-lh-caudalanteriorcingulate,lh.caudalanteriorcingulate_5
791,ctx-lh-caudalanteriorcingulate,lh.caudalanteriorcingulate_4
792,ctx-lh-caudalanteriorcingulate,lh.caudalanteriorcingulate_1
793,ctx-lh-caudalanteriorcingulate,lh.caudalanteriorcingulate_1
794,ctx-lh-caudalanteriorcingulate,lh.caudalanteriorcingulate_2
795,ctx-lh-caudalanteriorcingulate,lh.caudalanteriorcingulate_3
796,ctx-lh-caudalanteriorcingulate,lh.caudalanteriorcingulate_3
797,ctx-lh-caudalanteriorcingulate,lh.caudalanteriorcingulate_3
798,ctx-lh-posteriorcingulate,lh.posteriorcingulate_5
799,ctx-lh-posteriorcingulate,lh.posteriorcingulate_4
800,ctx-lh-posteriorcingulate,lh.posteriorcingulate_4
801,ctx-lh-posteriorcingulate,lh.posteriorcingulate_4
802,ctx-lh-posteriorcingulate,lh.posteriorcingulate_8
803,ctx-lh-posteriorcingulate,lh.posteriorcingulate_2
804,ctx-lh-posteriorcingulate,lh.posteriorcingulate_6
805,ctx-lh-posteriorcingulate,lh.posteriorcingulate_6
806,ctx-lh-posteriorcingulate,lh.posteriorcingulate_6
807,ctx-lh-posteriorcingulate,lh.posteriorcingulate_6
808,ctx-lh-posteriorcingulate,lh.posteriorcingulate_9
809,ctx-lh-posteriorcingulate,lh.posteriorcingulate_9
810,ctx-lh-posteriorcingulate,lh.posteriorcingulate_9
811,ctx-lh-posteriorcingulate,lh.posteriorcingulate_1
812,ctx-lh-posteriorcingulate,lh.posteriorcingulate_1
813,ctx-lh-isthmuscingulate,lh.isthmuscingulate_4
814,ctx-lh-isthmuscingulate,lh.isthmuscingulate_6
815,ctx-lh-isthmuscingulate,lh.isthmuscingulate_7
816,ctx-lh-isthmuscingulate,lh.isthmuscingulate_5
817,ctx-lh-isthmuscingulate,lh.isthmuscingulate_5
818,ctx-lh-isthmuscingulate,lh.isthmuscingulate_5
819,ctx-lh-isthmuscingulate,lh.isthmuscingulate_5
820,ctx-lh-isthmuscingulate,lh.isthmuscingulate_2
821,ctx-lh-isthmuscingulate,lh.isthmuscingulate_2
822,ctx-lh-isthmuscingulate,lh.isthmuscingulate_2
823,ctx-lh-isthmuscingulate,lh.isthmuscingulate_2
824,ctx-lh-isthmuscingulate,lh.isthmuscingulate_3
825,ctx-lh-isthmuscingulate,lh.isthmuscingulate_3
826,ctx-lh-postcentral,lh.postcentral_21
827,ctx-lh-postcentral,lh.postcentral_21
828,ctx-lh-postcentral,lh.postcentral_21
829,ctx-lh-postcentral,lh.postcentral_31
830,ctx-lh-postcentral,lh.postcentral_31
831,ctx-lh-postcentral,lh.postcentral_31
832,ctx-lh-postcentral,lh.postcentral_31
833,ctx-lh-postcentral,lh.postcentral_10
834,ctx-lh-postcentral,lh.postcentral_10
835,ctx-lh-postcentral,lh.postcentral_15
836,ctx-lh-postcentral,lh.postcentral_7
837,ctx-lh-postcentral,lh.postcentral_7
838,ctx-lh-supramarginal,lh.supramarginal_1
839,ctx-lh-supramarginal,lh.supramarginal_2
840,ctx-lh-supramarginal,lh.supramarginal_3
841,ctx-lh-supramarginal,lh.supramarginal_3
842,ctx-lh-supramarginal,lh.supramarginal_17
843,ctx-lh-supramarginal,lh.supramarginal_17
844,ctx-lh-supramarginal,lh.supramarginal_16
845,ctx-lh-supramarginal,lh.supramarginal_16
846,ctx-lh-superiorparietal,lh.superiorparietal_24
847,ctx-lh-superiorparietal,lh.superiorparietal_27
848,ctx-lh-superiorparietal,lh.superiorparietal_27
849,ctx-lh-superiorparietal,lh.superiorparietal_27
850,ctx-lh-superiorparietal,lh.superiorparietal_25
851,ctx-lh-superiorparietal,lh.superiorparietal_25
852,ctx-lh-superiorparietal,lh.superiorparietal_25
853,ctx-lh-superiorparietal,lh.superiorparietal_25
854,ctx-lh-superiorparietal,lh.superiorparietal_25
855,ctx-lh-superiorparietal,lh.superiorparietal_25
856,ctx-lh-superiorparietal,lh.superiorparietal_25
857,ctx-lh-superiorparietal,lh.superiorparietal_25
858,ctx-lh-superiorparietal,lh.superiorparietal_13
859,ctx-lh-superiorparietal,lh.superiorparietal_19
860,ctx-lh-superiorparietal,lh.superiorparietal_10
861,ctx-lh-superiorparietal,lh.superiorparietal_16
862,ctx-lh-superiorparietal,lh.superiorparietal_11
863,ctx-lh-superiorparietal,lh.superiorparietal_11
864,ctx-lh-superiorparietal,lh.superiorparietal_11
865,ctx-lh-superiorparietal,lh.superiorparietal_18
866,ctx-lh-superiorparietal,lh.superiorparietal_6
867,ctx-lh-superiorparietal,lh.superiorparietal_6
868,ctx-lh-superiorparietal,lh.superiorparietal_2
869,ctx-lh-superiorparietal,lh.superiorparietal_2
870,ctx-lh-superiorparietal,lh.superiorparietal_1
871,ctx-lh-superiorparietal,lh.superiorparietal_1
872,ctx-lh-superiorparietal,lh.superiorparietal_1
873,ctx-lh-superiorparietal,lh.superiorparietal_23
874,ctx-lh-inferiorparietal,lh.inferiorparietal_16
875,ctx-lh-inferiorparietal,lh.inferiorparietal_16
876,ctx-lh-inferiorparietal,lh.inferiorparietal_16
877,ctx-lh-inferiorparietal,lh.inferiorparietal_16
878,ctx-lh-inferiorparietal,lh.inferiorparietal_15
879,ctx-lh-inferiorparietal,lh.inferiorparietal_15
880,ctx-lh-inferiorparietal,lh.inferiorparietal_15
881,ctx-lh-inferiorparietal,lh.inferiorparietal_2
882,ctx-lh-inferiorparietal,lh.inferiorparietal_2
883,ctx-lh-inferiorparietal,lh.inferiorparietal_17
884,ctx-lh-inferiorparietal,lh.inferiorparietal_21
885,ctx-lh-inferiorparietal,lh.inferiorparietal_21
886,ctx-lh-inferiorparietal,lh.inferiorparietal_21
887,ctx-lh-inferiorparietal,lh.inferiorparietal_21
888,ctx-lh-inferiorparietal,lh.inferiorparietal_12
889,ctx-lh-inferiorparietal,lh.inferiorparietal_1
890,ctx-lh-inferiorparietal,lh.inferiorparietal_20
891,ctx-lh-precuneus,lh.precuneus_13
892,ctx-lh-precuneus,lh.precuneus_13
893,ctx-lh-precuneus,lh.precuneus_13
894,ctx-lh-precuneus,lh.precuneus_22
895,ctx-lh-precuneus,lh.precuneus_9
896,ctx-lh-precuneus,lh.precuneus_15
897,ctx-lh-precuneus,lh.precuneus_15
898,ctx-lh-pericalcarine,lh.pericalcarine_4
899,ctx-lh-pericalcarine,lh.pericalcarine_4
900,ctx-lh-pericalcarine,lh.pericalcarine_4
901,ctx-lh-pericalcarine,lh.pericalcarine_2
902,ctx-lh-pericalcarine,lh.pericalcarine_5
903,ctx-lh-pericalcarine,lh.pericalcarine_5
904,ctx-lh-pericalcarine,lh.pericalcarine_6
905,ctx-lh-pericalcarine,lh.pericalcarine_6
906,ctx-lh-pericalcarine,lh.pericalcarine_6
907,ctx-lh-lateraloccipital,lh.lateraloccipital_3
908,ctx-lh-lateraloccipital,lh.lateraloccipital_3
909,ctx-lh-lateraloccipital,lh.lateraloccipital_3
910,ctx-lh-lateraloccipital,lh.lateraloccipital_3
911,ctx-lh-lateraloccipital,lh.lateraloccipital_18
912,ctx-lh-lateraloccipital,lh.lateraloccipital_23
913,ctx-lh-lateraloccipital,lh.lateraloccipital_23
914,ctx-lh-lateraloccipital,lh.lateraloccipital_5
915,ctx-lh-lateraloccipital,lh.lateraloccipital_17
916,ctx-lh-lateraloccipital,lh.lateraloccipital_16
917,ctx-lh-lingual,lh.lingual_2
918,ctx-lh-fusiform,lh.fusiform_7
919,ctx-lh-fusiform,lh.fusiform_11
920,ctx-lh-fusiform,lh.fusiform_11
921,ctx-lh-fusiform,lh.fusiform_11
922,ctx-lh-fusiform,lh.fusiform_14
923,ctx-lh-fusiform,lh.fusiform_13
924,ctx-lh-parahippocampal,lh.parahippocampal_3
925,ctx-lh-parahippocampal,lh.parahippocampal_1
926,ctx-lh-entorhinal,lh.entorhinal_2
927,ctx-lh-entorhinal,lh.entorhinal_3
928,ctx-lh-temporalpole,lh.temporalpole_2
929,ctx-lh-temporalpole,lh.temporalpole_3
930,ctx-lh-inferiortemporal,lh.inferiortemporal_15
931,ctx-lh-inferiortemporal,lh.inferiortemporal_15
932,ctx-lh-inferiortemporal,lh.inferiortemporal_15
933,ctx-lh-inferiortemporal,lh.inferiortemporal_5
934,ctx-lh-inferiortemporal,lh.inferiortemporal_16
935,ctx-lh-inferiortemporal,lh.inferiortemporal_7
936,ctx-lh-middletemporal,lh.middletemporal_14
937,ctx-lh-bankssts,lh.bankssts_2
938,ctx-lh-bankssts,lh.bankssts_4
939,ctx-lh-bankssts,lh.bankssts_4
940,ctx-lh-superiortemporal,lh.superiortemporal_24
941,ctx-lh-superiortemporal,lh.superiortemporal_18
942,ctx-lh-superiortemporal,lh.superiortemporal_18
943,ctx-lh-superiortemporal,lh.superiortemporal_18
944,ctx-lh-superiortemporal,lh.superiortemporal_9
945,ctx-lh-superiortemporal,lh.superiortemporal_8
946,ctx-lh-transversetemporal,lh.transversetemporal_2
947,ctx-lh-insula,lh.insula_5
948,ctx-lh-insula,lh.insula_5
949,ctx-lh-insula,lh.insula_2
950,ctx-lh-insula,lh.insula_16
951,ctx-lh-insula,lh.insula_16
952,ctx-lh-insula,lh.insula_12
953,ctx-lh-insula,lh.insula_12
954,ctx-lh-insula,lh.insula_12
955,ctx-lh-insula,lh.insula_8
956,ctx-lh-insula,lh.insula_14
957,ctx-lh-insula,lh.insula_9
958,ctx-lh-insula,lh.insula_9
959,ctx-lh-insula,lh.insula_13
960,ctx-lh-insula,lh.insula_13
961,ctx-lh-insula,lh.insula_11
962,ctx-lh-insula,lh.insula_11
963,ctx-lh-insula,lh.insula_6
964,ctx-lh-insula,lh.insula_15
965,ctx-lh-insula,lh.insula_4
966,ctx-lh-insula,lh.insula_4
967,ctx-lh-insula,lh.insula_7
968,ctx-lh-insula,lh.insula_3
969,ctx-lh-insula,lh.insula_3
970,ctx-lh-insula,lh.insula_17
971,ctx-lh-insula,lh.insula_17
972,Left-Thalamus-Proper,Left-Thalamus-Proper
973,Left-Thalamus-Proper,Left-Thalamus-Proper
974,Left-Thalamus-Proper,Left-Thalamus-Proper
975,Left-Thalamus-Proper,Left-Thalamus-Proper
976,Left-Thalamus-Proper,Left-Thalamus-Proper
977,Left-Thalamus-Proper,Left-Thalamus-Proper
978,Left-Thalamus-Proper,Left-Thalamus-Proper
979,Left-Thalamus-Proper,Left-Thalamus-Proper
980,Left-Caudate,Left-Caudate
981,Left-Caudate,Left-Caudate
982,Left-Caudate,Left-Caudate
983,Left-Caudate,Left-Caudate
984,Left-Caudate,Left-Caudate
985,Left-Putamen,Left-Putamen
986,Left-Putamen,Left-Putamen
987,Left-Putamen,Left-Putamen
988,Left-Putamen,Left-Putamen
989,Left-Putamen,Left-Putamen
990,Left-Pallidum,Left-Pallidum
991,Left-Pallidum,Left-Pallidum
992,Left-Pallidum,Left-Pallidum
993,Left-Accumbens-area,Left-Accumbens-area
994,Left-Accumbens-area,Left-Accumbens-area
995,Left-Hippocampus,Left-Hippocampus
996,Left-Hippocampus,Left-Hippocampus
997,Left-Hippocampus,Left-Hippocampus
998,Left-Amygdala,Left-Amygdala
999,Brain-Stem,Brain-Stem
